"code","total_duration","total","proportion"
"NP",141.460000000008,453.150000000003,0.312170363014471
"NS",129.419999999997,453.150000000003,0.285600794438919
"ON",182.269999999997,453.150000000003,0.40222884254661
