"code","total_duration","total","proportion"
"NP",93.5500000000065,168.250000000007,0.556017830609229
"NS",45.5600000000011,168.250000000007,0.270787518573547
"ON",29.1399999999992,168.250000000007,0.173194650817224
